{
  "timestamp": "2026-04-24T09:48:00.839138+00:00",
  "request_id": "f75d7bee-6f50-4598-b3a3-82a1cb482ecf",
  "request_kind": "prioritization",
  "event_index": 14,
  "step_name": "response_summary",
  "event_type": "response_summary.completed",
  "payload": {
    "locode": "CL IQQ",
    "counts": {
      "total_actions": 155,
      "valid_actions": 151,
      "discarded_excluded": 1,
      "discarded_legal": 3,
      "ranked_actions": 20
    },
    "weights": {
      "impact": 0.5,
      "alignment": 0.3,
      "feasibility": 0.2
    },
    "ranked_action_ids": [
      "icare_0025",
      "c40_0025",
      "icare_0016",
      "c40_0010",
      "c40_0015",
      "icare_0028",
      "icare_0002",
      "icare_0139",
      "c40_0023",
      "icare_0121",
      "ipcc_0105",
      "icare_0156",
      "icare_0172",
      "icare_0176",
      "icare_0040",
      "c40_0049",
      "icare_0164",
      "icare_0072",
      "icare_0099",
      "c40_0018"
    ],
    "discarded_excluded_action_ids": [
      "c40_0029"
    ],
    "confirmed_excluded_action_ids": [
      "c40_0029"
    ],
    "discarded_legal_action_ids": [
      "c40_0012",
      "c40_0034",
      "c40_0037"
    ],
    "timings": {
      "fetch_city": 0.0005184949999943456,
      "fetch_actions": 0.08865942500000301,
      "fetch_legal_requirements": 0.000750048999975661,
      "fetch_policy_signals": 0.022132315000021663,
      "validate_weights": 4.0855999998257175e-05,
      "hard_filter": 0.0005194180000103188,
      "impact": 0.0020417310000198086,
      "alignment": 1.5502797860000328,
      "feasibility": 0.006930001999990054,
      "final_scoring": 0.0016428719999908026,
      "explanations": 9.767587366999976
    }
  }
}