{
  "timestamp": "2026-03-27T11:38:53.476937+00:00",
  "request_id": "7aa84c5b-ad1c-4581-8953-44711844626b",
  "event_index": 13,
  "step_name": "response_summary",
  "event_type": "response_summary.completed",
  "payload": {
    "locode": "CL IQQ",
    "counts": {
      "total_actions": 155,
      "valid_actions": 151,
      "discarded_excluded": 0,
      "discarded_legal": 4,
      "ranked_actions": 20
    },
    "weights": {
      "impact": 0.5,
      "alignment": 0.3,
      "feasibility": 0.2
    },
    "ranked_action_ids": [
      "icare_0025",
      "c40_0025",
      "icare_0016",
      "c40_0010",
      "c40_0015",
      "icare_0002",
      "icare_0028",
      "c40_0023",
      "icare_0139",
      "icare_0121",
      "ipcc_0105",
      "icare_0040",
      "icare_0156",
      "icare_0172",
      "icare_0176",
      "ipcc_0050",
      "icare_0072",
      "icare_0099",
      "c40_0018",
      "icare_0045"
    ],
    "discarded_excluded_action_ids": [],
    "discarded_legal_action_ids": [
      "c40_0012",
      "c40_0029",
      "c40_0034",
      "c40_0037"
    ],
    "timings": {
      "fetch_city": 0.002567835006630048,
      "fetch_actions": 0.02857981200213544,
      "fetch_legal_requirements": 0.0007139119989005849,
      "fetch_policy_signals": 0.08416841398866381,
      "validate_weights": 0.0001792639959603548,
      "hard_filter": 0.0007928520062705502,
      "impact": 0.002933963987743482,
      "alignment": 0.002196187007939443,
      "feasibility": 0.1387392379983794,
      "final_scoring": 0.0014480760000878945
    }
  }
}